# Factual URL extracts from Best Of AI, MIT. Source reports no structured DR/link-type metrics.
https://submitaitools.org/submit-your-ai-tool/||?|?|submitaitools.org|https://submitaitools.org/submit-your-ai-tool/|AI|Listed by Best Of AI. Submission route, current eligibility, price, DR, and actual link attributes require research unless another source supplies them.
https://github.com/mahseema/awesome-ai-tools||?|?|awesome-ai-tools||Developer|Listed by Best Of AI. Submission route, current eligibility, price, DR, and actual link attributes require research unless another source supplies them.
https://aicorner.net/||?|?|aicorner.net||AI|Listed by Best Of AI. Submission route, current eligibility, price, DR, and actual link attributes require research unless another source supplies them.
https://aidir.wiki/||?|?|aidir.wiki||AI|Listed by Best Of AI. Submission route, current eligibility, price, DR, and actual link attributes require research unless another source supplies them.
https://aidirectory.wiki/||?|?|aidirectory.wiki||AI|Listed by Best Of AI. Submission route, current eligibility, price, DR, and actual link attributes require research unless another source supplies them.
https://aidirs.best/||?|?|aidirs.best||AI|Listed by Best Of AI. Submission route, current eligibility, price, DR, and actual link attributes require research unless another source supplies them.
https://aifordevelopers.org/||?|?|aifordevelopers.org||AI|Listed by Best Of AI. Submission route, current eligibility, price, DR, and actual link attributes require research unless another source supplies them.
https://www.ainave.com/||?|?|ainave.com||AI|Listed by Best Of AI. Submission route, current eligibility, price, DR, and actual link attributes require research unless another source supplies them.
https://aiagentstore.ai/||?|?|aiagentstore.ai||AI|Listed by Best Of AI. Submission route, current eligibility, price, DR, and actual link attributes require research unless another source supplies them.
https://aiagentslive.com/||?|?|aiagentslive.com||AI|Listed by Best Of AI. Submission route, current eligibility, price, DR, and actual link attributes require research unless another source supplies them.
https://trillionagent.com/||?|?|trillionagent.com||AI|Listed by Best Of AI. Submission route, current eligibility, price, DR, and actual link attributes require research unless another source supplies them.
https://aihubs.ai/||?|?|aihubs.ai||AI|Listed by Best Of AI. Submission route, current eligibility, price, DR, and actual link attributes require research unless another source supplies them.
https://aihuntlist.com/||?|?|aihuntlist.com||AI|Listed by Best Of AI. Submission route, current eligibility, price, DR, and actual link attributes require research unless another source supplies them.
https://www.theailibrary.co/||?|?|theailibrary.co||AI|Listed by Best Of AI. Submission route, current eligibility, price, DR, and actual link attributes require research unless another source supplies them.
https://aimatch.pro/||?|?|aimatch.pro||AI|Listed by Best Of AI. Submission route, current eligibility, price, DR, and actual link attributes require research unless another source supplies them.
https://aipediahub.com/||?|?|aipediahub.com||AI|Listed by Best Of AI. Submission route, current eligibility, price, DR, and actual link attributes require research unless another source supplies them.
https://www.aipulse.fyi/||?|?|aipulse.fyi||AI|Listed by Best Of AI. Submission route, current eligibility, price, DR, and actual link attributes require research unless another source supplies them.
https://airesource.pro/||?|?|airesource.pro||AI|Listed by Best Of AI. Submission route, current eligibility, price, DR, and actual link attributes require research unless another source supplies them.
https://airespo.com/||?|?|airespo.com||AI|Listed by Best Of AI. Submission route, current eligibility, price, DR, and actual link attributes require research unless another source supplies them.
https://aiscout.net/||?|?|aiscout.net||AI|Listed by Best Of AI. Submission route, current eligibility, price, DR, and actual link attributes require research unless another source supplies them.
https://www.aeotools.space/||?|?|aeotools.space||AI|Listed by Best Of AI. Submission route, current eligibility, price, DR, and actual link attributes require research unless another source supplies them.
https://ai-sites.net/||?|?|ai-sites.net||AI|Listed by Best Of AI. Submission route, current eligibility, price, DR, and actual link attributes require research unless another source supplies them.
https://aitoolsarena.com/||?|?|aitoolsarena.com||AI|Listed by Best Of AI. Submission route, current eligibility, price, DR, and actual link attributes require research unless another source supplies them.
https://aitoolscorner.com/||?|?|aitoolscorner.com||AI|Listed by Best Of AI. Submission route, current eligibility, price, DR, and actual link attributes require research unless another source supplies them.
https://aitoolspin.com/||?|?|aitoolspin.com||AI|Listed by Best Of AI. Submission route, current eligibility, price, DR, and actual link attributes require research unless another source supplies them.
https://www.aisupersmart.com/ai-tools-directory/||?|?|aisupersmart.com||AI|Listed by Best Of AI. Submission route, current eligibility, price, DR, and actual link attributes require research unless another source supplies them.
https://ai-tools.directory/||?|?|ai-tools.directory||AI|Listed by Best Of AI. Submission route, current eligibility, price, DR, and actual link attributes require research unless another source supplies them.
https://aitoolguru.com/||?|?|aitoolguru.com||AI|Listed by Best Of AI. Submission route, current eligibility, price, DR, and actual link attributes require research unless another source supplies them.
https://aitoolslist.io/||?|?|aitoolslist.io||AI|Listed by Best Of AI. Submission route, current eligibility, price, DR, and actual link attributes require research unless another source supplies them.
https://aitools.love/||?|?|aitools.love||AI|Listed by Best Of AI. Submission route, current eligibility, price, DR, and actual link attributes require research unless another source supplies them.
https://aitoolsmarketer.com/||?|?|aitoolsmarketer.com||AI|Listed by Best Of AI. Submission route, current eligibility, price, DR, and actual link attributes require research unless another source supplies them.
https://aitoptools.com/||?|?|aitoptools.com||AI|Listed by Best Of AI. Submission route, current eligibility, price, DR, and actual link attributes require research unless another source supplies them.
https://aitoolsmagazine.com/||?|?|aitoolsmagazine.com||AI|Listed by Best Of AI. Submission route, current eligibility, price, DR, and actual link attributes require research unless another source supplies them.
https://allaitools.tech/||?|?|allaitools.tech||AI|Listed by Best Of AI. Submission route, current eligibility, price, DR, and actual link attributes require research unless another source supplies them.
https://allthingsai.com/||?|?|allthingsai.com||AI|Listed by Best Of AI. Submission route, current eligibility, price, DR, and actual link attributes require research unless another source supplies them.
https://aitoolex.com/||?|?|aitoolex.com||AI|Listed by Best Of AI. Submission route, current eligibility, price, DR, and actual link attributes require research unless another source supplies them.
https://aitools.inc/||?|?|aitools.inc||AI|Listed by Best Of AI. Submission route, current eligibility, price, DR, and actual link attributes require research unless another source supplies them.
https://aitooltrek.com/||?|?|aitooltrek.com||AI|Listed by Best Of AI. Submission route, current eligibility, price, DR, and actual link attributes require research unless another source supplies them.
https://alltheaitools.com/||?|?|alltheaitools.com||AI|Listed by Best Of AI. Submission route, current eligibility, price, DR, and actual link attributes require research unless another source supplies them.
https://aiex.me/||?|?|aiex.me||AI|Listed by Best Of AI. Submission route, current eligibility, price, DR, and actual link attributes require research unless another source supplies them.
https://aitoolsforme.com/||?|?|aitoolsforme.com||AI|Listed by Best Of AI. Submission route, current eligibility, price, DR, and actual link attributes require research unless another source supplies them.
https://www.aitoollist.org/||?|?|aitoollist.org||AI|Listed by Best Of AI. Submission route, current eligibility, price, DR, and actual link attributes require research unless another source supplies them.
https://aijourney.so/||?|?|aijourney.so||AI|Listed by Best Of AI. Submission route, current eligibility, price, DR, and actual link attributes require research unless another source supplies them.
https://aitoolz.net/||?|?|aitoolz.net||AI|Listed by Best Of AI. Submission route, current eligibility, price, DR, and actual link attributes require research unless another source supplies them.
https://www.aitoolzdir.com/||?|?|aitoolzdir.com||AI|Listed by Best Of AI. Submission route, current eligibility, price, DR, and actual link attributes require research unless another source supplies them.
https://aiparabellum.com/||?|?|aiparabellum.com||AI|Listed by Best Of AI. Submission route, current eligibility, price, DR, and actual link attributes require research unless another source supplies them.
https://aiagentsbase.com/||?|?|aiagentsbase.com||AI|Listed by Best Of AI. Submission route, current eligibility, price, DR, and actual link attributes require research unless another source supplies them.
https://aiagentslist.com/||?|?|aiagentslist.com||AI|Listed by Best Of AI. Submission route, current eligibility, price, DR, and actual link attributes require research unless another source supplies them.
https://aiagentsdirectory.com/||?|?|aiagentsdirectory.com||AI|Listed by Best Of AI. Submission route, current eligibility, price, DR, and actual link attributes require research unless another source supplies them.
https://aiagentsverse.com/||?|?|aiagentsverse.com||AI|Listed by Best Of AI. Submission route, current eligibility, price, DR, and actual link attributes require research unless another source supplies them.
https://addaidirectory.com/||?|?|addaidirectory.com||AI|Listed by Best Of AI. Submission route, current eligibility, price, DR, and actual link attributes require research unless another source supplies them.
https://www.agenthunter.io/||?|?|agenthunter.io||AI|Listed by Best Of AI. Submission route, current eligibility, price, DR, and actual link attributes require research unless another source supplies them.
https://www.aixyz.co/||?|?|aixyz.co||AI|Listed by Best Of AI. Submission route, current eligibility, price, DR, and actual link attributes require research unless another source supplies them.
https://www.aitoolsaver.com/||?|?|aitoolsaver.com||AI|Listed by Best Of AI. Submission route, current eligibility, price, DR, and actual link attributes require research unless another source supplies them.
https://github.com/tokyo-dal/awesome-ai-coding-tools||?|?|awesome-ai-coding-tools||Developer|Listed by Best Of AI. Submission route, current eligibility, price, DR, and actual link attributes require research unless another source supplies them.
https://aichief.com/||?|?|aichief.com||AI|Listed by Best Of AI. Submission route, current eligibility, price, DR, and actual link attributes require research unless another source supplies them.
https://askaiforit.com/||?|?|askaiforit.com||AI|Listed by Best Of AI. Submission route, current eligibility, price, DR, and actual link attributes require research unless another source supplies them.
https://aiheadshothub.com/||?|?|aiheadshothub.com||AI|Listed by Best Of AI. Submission route, current eligibility, price, DR, and actual link attributes require research unless another source supplies them.
https://aihustle.tools/||?|?|aihustle.tools||AI|Listed by Best Of AI. Submission route, current eligibility, price, DR, and actual link attributes require research unless another source supplies them.
https://auraplusplus.com/||?|?|auraplusplus.com||AI|Listed by Best Of AI. Submission route, current eligibility, price, DR, and actual link attributes require research unless another source supplies them.
https://aitoolshunt.com/||?|?|aitoolshunt.com||AI|Listed by Best Of AI. Submission route, current eligibility, price, DR, and actual link attributes require research unless another source supplies them.
https://bestofai.io/||?|?|bestofai.io||AI|Listed by Best Of AI. Submission route, current eligibility, price, DR, and actual link attributes require research unless another source supplies them.
https://www.basedtools.ai/||?|?|basedtools.ai||AI|Listed by Best Of AI. Submission route, current eligibility, price, DR, and actual link attributes require research unless another source supplies them.
https://www.best-ai-tools.org/||?|?|best-ai-tools.org||AI|Listed by Best Of AI. Submission route, current eligibility, price, DR, and actual link attributes require research unless another source supplies them.
https://www.bestofweb.site/||?|?|bestofweb.site||AI|Listed by Best Of AI. Submission route, current eligibility, price, DR, and actual link attributes require research unless another source supplies them.
https://www.beyondaitools.com/||?|?|beyondaitools.com||AI|Listed by Best Of AI. Submission route, current eligibility, price, DR, and actual link attributes require research unless another source supplies them.
https://byblosai.com/||?|?|byblosai.com||AI|Listed by Best Of AI. Submission route, current eligibility, price, DR, and actual link attributes require research unless another source supplies them.
https://buildvoyage.com/||?|?|buildvoyage.com||AI|Listed by Best Of AI. Submission route, current eligibility, price, DR, and actual link attributes require research unless another source supplies them.
https://choosetheai.com/||?|?|choosetheai.com||AI|Listed by Best Of AI. Submission route, current eligibility, price, DR, and actual link attributes require research unless another source supplies them.
https://claudepro.directory/||?|?|claudepro.directory||AI|Listed by Best Of AI. Submission route, current eligibility, price, DR, and actual link attributes require research unless another source supplies them.
https://www.cloudbooklet.net/||?|?|cloudbooklet.net||AI|Listed by Best Of AI. Submission route, current eligibility, price, DR, and actual link attributes require research unless another source supplies them.
https://coglist.com/||?|?|coglist.com||AI|Listed by Best Of AI. Submission route, current eligibility, price, DR, and actual link attributes require research unless another source supplies them.
https://datalook.io/||?|?|datalook.io||AI|Listed by Best Of AI. Submission route, current eligibility, price, DR, and actual link attributes require research unless another source supplies them.
https://www.dynamite-ai.com/||?|?|dynamite-ai.com||AI|Listed by Best Of AI. Submission route, current eligibility, price, DR, and actual link attributes require research unless another source supplies them.
https://dessign.net/||?|?|dessign.net||AI|Listed by Best Of AI. Submission route, current eligibility, price, DR, and actual link attributes require research unless another source supplies them.
https://desifounder.com/spotlight||?|?|desifounder.com||AI|Listed by Best Of AI. Submission route, current eligibility, price, DR, and actual link attributes require research unless another source supplies them.
https://www.direct2app.com/||?|?|direct2app.com||AI|Listed by Best Of AI. Submission route, current eligibility, price, DR, and actual link attributes require research unless another source supplies them.
https://dofollow.tools/||?|?|dofollow.tools||AI|Listed by Best Of AI. Submission route, current eligibility, price, DR, and actual link attributes require research unless another source supplies them.
https://deeplaunch.io/||?|?|deeplaunch.io||AI|Listed by Best Of AI. Submission route, current eligibility, price, DR, and actual link attributes require research unless another source supplies them.
https://eliteai.tools/||?|?|eliteai.tools||AI|Listed by Best Of AI. Submission route, current eligibility, price, DR, and actual link attributes require research unless another source supplies them.
https://www.everydev.ai/||?|?|everydev.ai||AI|Listed by Best Of AI. Submission route, current eligibility, price, DR, and actual link attributes require research unless another source supplies them.
https://www.evolmagazine.com/en/tools/||?|?|evolmagazine.com||AI|Listed by Best Of AI. Submission route, current eligibility, price, DR, and actual link attributes require research unless another source supplies them.
https://www.expify.ai/||?|?|expify.ai||AI|Listed by Best Of AI. Submission route, current eligibility, price, DR, and actual link attributes require research unless another source supplies them.
https://findanaitools.com/||?|?|findanaitools.com||AI|Listed by Best Of AI. Submission route, current eligibility, price, DR, and actual link attributes require research unless another source supplies them.
https://findyouragent.ai/||?|?|findyouragent.ai||AI|Listed by Best Of AI. Submission route, current eligibility, price, DR, and actual link attributes require research unless another source supplies them.
https://findmyaitool.com/||?|?|findmyaitool.com||AI|Listed by Best Of AI. Submission route, current eligibility, price, DR, and actual link attributes require research unless another source supplies them.
https://foundr.ai/||?|?|foundr.ai||AI|Listed by Best Of AI. Submission route, current eligibility, price, DR, and actual link attributes require research unless another source supplies them.
https://freeaitool.ai/||?|?|freeaitool.ai||AI|Listed by Best Of AI. Submission route, current eligibility, price, DR, and actual link attributes require research unless another source supplies them.
https://tools.futureaiguide.com/||?|?|tools.futureaiguide.com||AI|Listed by Best Of AI. Submission route, current eligibility, price, DR, and actual link attributes require research unless another source supplies them.
https://futurepedia.wiki/||?|?|futurepedia.wiki||AI|Listed by Best Of AI. Submission route, current eligibility, price, DR, and actual link attributes require research unless another source supplies them.
https://www.futurepedia.io/||?|?|futurepedia.io||AI|Listed by Best Of AI. Submission route, current eligibility, price, DR, and actual link attributes require research unless another source supplies them.
https://www.futuretools.io/||?|?|futuretools.io||AI|Listed by Best Of AI. Submission route, current eligibility, price, DR, and actual link attributes require research unless another source supplies them.
https://www.flowtools.co/||?|?|flowtools.co||AI|Listed by Best Of AI. Submission route, current eligibility, price, DR, and actual link attributes require research unless another source supplies them.
https://fastlaunch.io/||?|?|fastlaunch.io||AI|Listed by Best Of AI. Submission route, current eligibility, price, DR, and actual link attributes require research unless another source supplies them.
https://www.grabon.in/indulge/ai-tools/||?|?|grabon.in||AI|Listed by Best Of AI. Submission route, current eligibility, price, DR, and actual link attributes require research unless another source supplies them.
https://godofprompt.ai/best-ai-tools/||?|?|godofprompt.ai||AI|Listed by Best Of AI. Submission route, current eligibility, price, DR, and actual link attributes require research unless another source supplies them.
https://groupify.ai/||?|?|groupify.ai||AI|Listed by Best Of AI. Submission route, current eligibility, price, DR, and actual link attributes require research unless another source supplies them.
https://havnai.com/||?|?|havnai.com||AI|Listed by Best Of AI. Submission route, current eligibility, price, DR, and actual link attributes require research unless another source supplies them.
https://heyaiworld.com/||?|?|heyaiworld.com||AI|Listed by Best Of AI. Submission route, current eligibility, price, DR, and actual link attributes require research unless another source supplies them.
https://iasurmesure.com/||?|?|iasurmesure.com||AI|Listed by Best Of AI. Submission route, current eligibility, price, DR, and actual link attributes require research unless another source supplies them.
https://www.insidr.ai/ai-tools/||?|?|insidr.ai||AI|Listed by Best Of AI. Submission route, current eligibility, price, DR, and actual link attributes require research unless another source supplies them.
https://intelligenttools.co/||?|?|intelligenttools.co||AI|Listed by Best Of AI. Submission route, current eligibility, price, DR, and actual link attributes require research unless another source supplies them.
https://kickproduct.com/||?|?|kickproduct.com||AI|Listed by Best Of AI. Submission route, current eligibility, price, DR, and actual link attributes require research unless another source supplies them.
https://linezine.com/ai-tool-directory||?|?|linezine.com||AI|Listed by Best Of AI. Submission route, current eligibility, price, DR, and actual link attributes require research unless another source supplies them.
https://www.listyourtool.com/||?|?|listyourtool.com||AI|Listed by Best Of AI. Submission route, current eligibility, price, DR, and actual link attributes require research unless another source supplies them.
https://www.launchvault.dev/||?|?|launchvault.dev||AI|Listed by Best Of AI. Submission route, current eligibility, price, DR, and actual link attributes require research unless another source supplies them.
https://makerlist.io/||?|?|makerlist.io||AI|Listed by Best Of AI. Submission route, current eligibility, price, DR, and actual link attributes require research unless another source supplies them.
https://marketingtoolslist.com/||?|?|marketingtoolslist.com||AI|Listed by Best Of AI. Submission route, current eligibility, price, DR, and actual link attributes require research unless another source supplies them.
https://mostpopularaitools.com/||?|?|mostpopularaitools.com||AI|Listed by Best Of AI. Submission route, current eligibility, price, DR, and actual link attributes require research unless another source supplies them.
https://navtools.ai/||?|?|navtools.ai||AI|Listed by Best Of AI. Submission route, current eligibility, price, DR, and actual link attributes require research unless another source supplies them.
https://www.neonrev.com/||?|?|neonrev.com||AI|Listed by Best Of AI. Submission route, current eligibility, price, DR, and actual link attributes require research unless another source supplies them.
https://navfolders.com/||?|?|navfolders.com||AI|Listed by Best Of AI. Submission route, current eligibility, price, DR, and actual link attributes require research unless another source supplies them.
https://openhunts.com/||?|?|openhunts.com||AI|Listed by Best Of AI. Submission route, current eligibility, price, DR, and actual link attributes require research unless another source supplies them.
https://opensaas.directory/||?|?|opensaas.directory||AI|Listed by Best Of AI. Submission route, current eligibility, price, DR, and actual link attributes require research unless another source supplies them.
https://opentools.ai/||?|?|opentools.ai||AI|Listed by Best Of AI. Submission route, current eligibility, price, DR, and actual link attributes require research unless another source supplies them.
https://openfuture.ai/||?|?|openfuture.ai||AI|Listed by Best Of AI. Submission route, current eligibility, price, DR, and actual link attributes require research unless another source supplies them.
https://orbic.ai/||?|?|orbic.ai||AI|Listed by Best Of AI. Submission route, current eligibility, price, DR, and actual link attributes require research unless another source supplies them.
https://poweredbyai.app/||?|?|poweredbyai.app||AI|Listed by Best Of AI. Submission route, current eligibility, price, DR, and actual link attributes require research unless another source supplies them.
https://productivity.directory/||?|?|productivity.directory||AI|Listed by Best Of AI. Submission route, current eligibility, price, DR, and actual link attributes require research unless another source supplies them.
https://startuplist.in/||?|?|startuplist.in||AI|Listed by Best Of AI. Submission route, current eligibility, price, DR, and actual link attributes require research unless another source supplies them.
https://theaisurf.com/||?|?|theaisurf.com||AI|Listed by Best Of AI. Submission route, current eligibility, price, DR, and actual link attributes require research unless another source supplies them.
https://www.thankjohn.com/||?|?|thankjohn.com||AI|Listed by Best Of AI. Submission route, current eligibility, price, DR, and actual link attributes require research unless another source supplies them.
https://toolfinder.wiki/||?|?|toolfinder.wiki||AI|Listed by Best Of AI. Submission route, current eligibility, price, DR, and actual link attributes require research unless another source supplies them.
https://www.toolify.ai/||?|?|toolify.ai||AI|Listed by Best Of AI. Submission route, current eligibility, price, DR, and actual link attributes require research unless another source supplies them.
https://www.toolwave.io/||?|?|toolwave.io||AI|Listed by Best Of AI. Submission route, current eligibility, price, DR, and actual link attributes require research unless another source supplies them.
https://topai.tools/||?|?|topai.tools||AI|Listed by Best Of AI. Submission route, current eligibility, price, DR, and actual link attributes require research unless another source supplies them.
https://toolpasta.com/||?|?|toolpasta.com||AI|Listed by Best Of AI. Submission route, current eligibility, price, DR, and actual link attributes require research unless another source supplies them.
https://www.toolpilot.ai/||?|?|toolpilot.ai||AI|Listed by Best Of AI. Submission route, current eligibility, price, DR, and actual link attributes require research unless another source supplies them.
https://www.toptools.ai/||?|?|toptools.ai||AI|Listed by Best Of AI. Submission route, current eligibility, price, DR, and actual link attributes require research unless another source supplies them.
https://tools.so/||?|?|tools.so||AI|Listed by Best Of AI. Submission route, current eligibility, price, DR, and actual link attributes require research unless another source supplies them.
https://toolshubai.com/||?|?|toolshubai.com||AI|Listed by Best Of AI. Submission route, current eligibility, price, DR, and actual link attributes require research unless another source supplies them.
https://thatsmy.ai/||?|?|thatsmy.ai||AI|Listed by Best Of AI. Submission route, current eligibility, price, DR, and actual link attributes require research unless another source supplies them.
https://thenextaitool.com/||?|?|thenextaitool.com||AI|Listed by Best Of AI. Submission route, current eligibility, price, DR, and actual link attributes require research unless another source supplies them.
https://www.trustlist.ai/||?|?|trustlist.ai||AI|Listed by Best Of AI. Submission route, current eligibility, price, DR, and actual link attributes require research unless another source supplies them.
https://www.trustedby.ai/||?|?|trustedby.ai||AI|Listed by Best Of AI. Submission route, current eligibility, price, DR, and actual link attributes require research unless another source supplies them.
https://www.toolkitly.com/||?|?|toolkitly.com||AI|Listed by Best Of AI. Submission route, current eligibility, price, DR, and actual link attributes require research unless another source supplies them.
https://tooldirs.com/||?|?|tooldirs.com||AI|Listed by Best Of AI. Submission route, current eligibility, price, DR, and actual link attributes require research unless another source supplies them.
https://uno.directory/||?|?|uno.directory||AI|Listed by Best Of AI. Submission route, current eligibility, price, DR, and actual link attributes require research unless another source supplies them.
https://www.Victrays.com/||?|?|victrays.com||AI|Listed by Best Of AI. Submission route, current eligibility, price, DR, and actual link attributes require research unless another source supplies them.
https://webspot.app/||?|?|webspot.app||AI|Listed by Best Of AI. Submission route, current eligibility, price, DR, and actual link attributes require research unless another source supplies them.
https://whatsthebigdata.com/ai-tools/||?|?|whatsthebigdata.com||AI|Listed by Best Of AI. Submission route, current eligibility, price, DR, and actual link attributes require research unless another source supplies them.
https://yaatd.com/||?|?|yaatd.com||AI|Listed by Best Of AI. Submission route, current eligibility, price, DR, and actual link attributes require research unless another source supplies them.
