# Factual name, route and reported DR extracts from LaunchDB README. Tracking query parameters removed. Link type not supplied.
https://www.producthunt.com/|91|?|?|Product Hunt|https://www.producthunt.com/posts/new||Source lists this route; acceptance, pricing, and current requirements need checking.
https://betalist.com/|76|?|?|BetaList|https://betalist.com/submissions/new||Source lists this route; acceptance, pricing, and current requirements need checking.
https://www.aidirectori.es/|71|?|?|AI Directories|https://www.aidirectori.es/pricing?tab=tool-submission||Source lists this route; acceptance, pricing, and current requirements need checking.
https://www.saashub.com/|80|?|?|SaaSHub|https://www.saashub.com/services/submit||Source lists this route; acceptance, pricing, and current requirements need checking.
https://alternativeto.net/|80|?|?|AlternativeTo|https://alternativeto.net/manage-item/||Source lists this route; acceptance, pricing, and current requirements need checking.
https://microlaunch.net/|64|?|?|Microlaunch|https://microlaunch.net/premium||Source lists this route; acceptance, pricing, and current requirements need checking.
https://www.uneed.best/|75|?|?|Uneed|https://www.uneed.best/submit-a-tool||Source lists this route; acceptance, pricing, and current requirements need checking.
https://www.toolify.ai/|73|?|?|Toolify|https://www.toolify.ai/submit||Source lists this route; acceptance, pricing, and current requirements need checking.
https://devhunt.org/|63|?|?|DevHunt|https://devhunt.org/account/tools/new||Source lists this route; acceptance, pricing, and current requirements need checking.
https://www.launchingnext.com/|53|?|?|Launching Next|https://www.launchingnext.com/submit/||Source lists this route; acceptance, pricing, and current requirements need checking.
https://appsumo.com/|83|?|?|AppSumo||Marketplace|Source lists this route; acceptance, pricing, and current requirements need checking.
https://www.indiehackers.com/|81|?|?|Indie Hackers|https://www.indiehackers.com/products/||Source lists this route; acceptance, pricing, and current requirements need checking.
https://startupstash.com/|65|?|?|Startup Stash|https://startupstash.com/add-listing/||Source lists this route; acceptance, pricing, and current requirements need checking.
https://pitchwall.co/|68|?|?|PitchWall|https://pitchwall.co/submit||Source lists this route; acceptance, pricing, and current requirements need checking.
https://startupbase.io/|73|?|?|StartupBase|https://startupbase.io/submit||Source lists this route; acceptance, pricing, and current requirements need checking.
https://theresanaiforthat.com/|77|?|?|There's An AI For That|https://theresanaiforthat.com/launch/||Source lists this route; acceptance, pricing, and current requirements need checking.
https://www.microsaasexamples.com/|49|?|?|Micro SaaS Examples|https://www.microsaasexamples.com/submit-micro-saas||Source lists this route; acceptance, pricing, and current requirements need checking.
https://peerlist.io/|77|?|?|Peerlist Launchpad|https://peerlist.io/launchpad||Source lists this route; acceptance, pricing, and current requirements need checking.
https://www.reddit.com/r/SideProject/||?|?|r/SideProject|https://www.reddit.com/r/SideProject/submit/|Community|Check current subreddit rules and permitted promotion threads before posting. A submit URL is not permission to self-promote.
https://open-launch.com/|72|?|?|Open-Launch|https://open-launch.com/projects/submit/||Source lists this route; acceptance, pricing, and current requirements need checking.
https://dev.to/|91|?|?|DEV Community|https://dev.to/new||Source lists this route; acceptance, pricing, and current requirements need checking.
https://www.a1.gallery/|33|?|?|A1 Gallery|https://www.a1.gallery/submit||Source lists this route; acceptance, pricing, and current requirements need checking.
https://www.tinylaunch.com/|73|?|?|TinyLaunch|https://www.tinylaunch.com/dashboard/startups/new||Source lists this route; acceptance, pricing, and current requirements need checking.
https://resource.fyi/|31|?|?|Resource FYI|https://resource.fyi/account/submit||Source lists this route; acceptance, pricing, and current requirements need checking.
https://fazier.com/|83|?|?|Fazier|https://fazier.com/submit||Source lists this route; acceptance, pricing, and current requirements need checking.
https://news.ycombinator.com/|91|?|?|Hacker News|https://news.ycombinator.com/submit||Source lists this route; acceptance, pricing, and current requirements need checking.
https://ctrlalt.cc/|50|?|?|CTRL ALT|||Source lists this route; acceptance, pricing, and current requirements need checking.
https://www.reddit.com/r/microsaas/||?|?|r/microsaas|https://www.reddit.com/r/microsaas/submit/|Community|Check current subreddit rules and permitted promotion threads before posting. A submit URL is not permission to self-promote.
https://www.sideprojectors.com/|71|?|?|SideProjectors|https://www.sideprojectors.com/submit/type||Source lists this route; acceptance, pricing, and current requirements need checking.
https://trustmrr.com/|71|?|?|TrustMRR|||Source lists this route; acceptance, pricing, and current requirements need checking.
https://www.reddit.com/r/SaaSy/||?|?|r/SaaSy|https://www.reddit.com/r/SaaSy/submit/|Community|Check current subreddit rules and permitted promotion threads before posting. A submit URL is not permission to self-promote.
https://www.reddit.com/r/saasbuild/||?|?|r/saasbuild|https://www.reddit.com/r/saasbuild/submit/|Community|Check current subreddit rules and permitted promotion threads before posting. A submit URL is not permission to self-promote.
https://dang.ai/|82|?|?|Dang|||Source lists this route; acceptance, pricing, and current requirements need checking.
https://aitoolsdirectory.com/|52|?|?|AI Tools Directory|https://aitoolsdirectory.com/submit-tool||Source lists this route; acceptance, pricing, and current requirements need checking.
https://www.aixploria.com/|56|?|?|AIxploria|https://www.aixploria.com/en/featured-on-aixploria/||Source lists this route; acceptance, pricing, and current requirements need checking.
https://www.dodomrr.com/|1|?|?|DodoMRR|||Source lists this route; acceptance, pricing, and current requirements need checking.
https://trustroas.com/|1|?|?|TrustRoas|https://trustroas.com/add-store||Source lists this route; acceptance, pricing, and current requirements need checking.
https://turbo0.com/|80|?|?|Turbo0|https://turbo0.com/submit||Source lists this route; acceptance, pricing, and current requirements need checking.
https://www.toolpilot.ai/|78|?|?|ToolPilot|https://www.toolpilot.ai/pages/submit-your-ai-tool||Source lists this route; acceptance, pricing, and current requirements need checking.
https://versily.com/|68|?|?|Versily|https://versily.com/start/product||Source lists this route; acceptance, pricing, and current requirements need checking.
https://aitools.inc/|67|?|?|AI Tools|https://aitools.inc/submit||Source lists this route; acceptance, pricing, and current requirements need checking.
https://trylaunch.ai/|56|?|?|Launch AI|https://trylaunch.ai/submit||Source lists this route; acceptance, pricing, and current requirements need checking.
https://www.reddit.com/r/startup/||?|?|r/startup|https://www.reddit.com/r/startup/submit/|Community|Check current subreddit rules and permitted promotion threads before posting. A submit URL is not permission to self-promote.
https://auraplusplus.com/|73|?|?|Aura++|https://auraplusplus.com/projects/submit||Source lists this route; acceptance, pricing, and current requirements need checking.
https://earlyhunt.com/|63|?|?|Earlyhunt|https://earlyhunt.com/submit||Source lists this route; acceptance, pricing, and current requirements need checking.
https://indiehunt.io/|63|?|?|Indiehunt|https://indiehunt.io/submit||Source lists this route; acceptance, pricing, and current requirements need checking.
https://makerhunt.io/|44|?|?|Makerhunt|https://makerhunt.io/submit||Source lists this route; acceptance, pricing, and current requirements need checking.
https://sidehunt.io/|43|?|?|Sidehunt|https://sidehunt.io/submit||Source lists this route; acceptance, pricing, and current requirements need checking.
https://uno.directory/|66|?|?|Uno Directory|https://uno.directory/submit||Source lists this route; acceptance, pricing, and current requirements need checking.
https://www.scrolllaunch.com/|70|?|?|ScrollLaunch|https://www.scrolllaunch.com/dashboard/products/new||Source lists this route; acceptance, pricing, and current requirements need checking.
https://peerpush.net/|73|?|?|PeerPush|https://peerpush.net/submit||Source lists this route; acceptance, pricing, and current requirements need checking.
https://productburst.com/|41|?|?|Productburst|https://productburst.com/pre-launch||Source lists this route; acceptance, pricing, and current requirements need checking.
https://smollaunch.com/|74|?|?|Smol Launch|https://smollaunch.com/dashboard/products/new||Source lists this route; acceptance, pricing, and current requirements need checking.
https://www.nxgntools.com/|70|?|?|NextGen Tools|https://www.nxgntools.com/~/my-tools||Source lists this route; acceptance, pricing, and current requirements need checking.
https://openhunts.com/|71|?|?|OpenHunts|https://openhunts.com/projects/submit||Source lists this route; acceptance, pricing, and current requirements need checking.
https://whatlaunched.today/|71|?|?|WhatLaunched.Today|https://whatlaunched.today/submit||Source lists this route; acceptance, pricing, and current requirements need checking.
https://aivalley.ai/|33|?|?|AI Valley|https://aivalley.ai/submit-tool/||Source lists this route; acceptance, pricing, and current requirements need checking.
https://listyouridea.com/|26|?|?|ListYourIdea|https://listyouridea.com/launch||Source lists this route; acceptance, pricing, and current requirements need checking.
https://marketingdb.live/|57|?|?|MarketingDB|https://marketingdb.live/submit||Source lists this route; acceptance, pricing, and current requirements need checking.
https://store.app/|55|?|?|Store.App|https://store.app/list||Source lists this route; acceptance, pricing, and current requirements need checking.
https://altern.ai/|49|?|?|Altern|https://altern.ai/submit||Source lists this route; acceptance, pricing, and current requirements need checking.
https://wip.co/|56|?|?|WIP|https://wip.co/settings/projects/new||Source lists this route; acceptance, pricing, and current requirements need checking.
https://launched.io/|32|?|?|Launched|https://launched.io/newsubmission||Source lists this route; acceptance, pricing, and current requirements need checking.
https://stackshare.io/|78|?|?|StackShare|||Source lists this route; acceptance, pricing, and current requirements need checking.
https://startuplist.ing/|40|?|?|Startup Listing|https://startuplist.ing/products/new||Source lists this route; acceptance, pricing, and current requirements need checking.
https://www.tinystartups.com/|71|?|?|Tiny Startups|https://www.tinystartups.com/submit||Source lists this route; acceptance, pricing, and current requirements need checking.
https://startupfa.me/|83|?|?|Startup Fame|https://startupfa.me/dashboard||Source lists this route; acceptance, pricing, and current requirements need checking.
https://builtbyindies.com/|33|?|?|BuiltByIndies|https://builtbyindies.com/submit||Source lists this route; acceptance, pricing, and current requirements need checking.
https://launchigniter.com/|74|?|?|LaunchIgniter|https://launchigniter.com/submit||Source lists this route; acceptance, pricing, and current requirements need checking.
https://twelve.tools/|82|?|?|Twelve Tools|https://twelve.tools/submit||Source lists this route; acceptance, pricing, and current requirements need checking.
https://www.startupfa.st/|72|?|?|Startup Fast|https://www.startupfa.st/submit||Source lists this route; acceptance, pricing, and current requirements need checking.
https://toolsfine.com/|63|?|?|ToolsFine|https://toolsfine.com/submit-ai-tools-or-product||Source lists this route; acceptance, pricing, and current requirements need checking.
https://www.foundrlist.com/|72|?|?|FoundrList|https://www.foundrlist.com/submit||Source lists this route; acceptance, pricing, and current requirements need checking.
https://www.sitelike.org/|63|?|?|SiteLike|https://www.sitelike.org/add-site||Source lists this route; acceptance, pricing, and current requirements need checking.
https://alternative.me/|75|?|?|Alternative.me|https://alternative.me/how-to/submit-software/||Source lists this route; acceptance, pricing, and current requirements need checking.
https://futuretools.io/|69|?|?|Future Tools|https://futuretools.io/submit-a-tool||Source lists this route; acceptance, pricing, and current requirements need checking.
https://firsto.co/|55|?|?|Firsto|https://firsto.co/projects/submit||Source lists this route; acceptance, pricing, and current requirements need checking.
https://aiwith.me/|58|?|?|AI With Me|https://aiwith.me/submit/||Source lists this route; acceptance, pricing, and current requirements need checking.
https://shipybara.com/|54|?|?|Shipybara|https://shipybara.com/projects/submit||Source lists this route; acceptance, pricing, and current requirements need checking.
https://www.promoteproject.com/|49|?|?|PromoteProject|https://www.promoteproject.com/submit-startup||Source lists this route; acceptance, pricing, and current requirements need checking.
https://startuptrusted.com/|56|?|?|StartupTrusted|https://startuptrusted.com/submit||Source lists this route; acceptance, pricing, and current requirements need checking.
https://funneldirectory.com/|15|?|?|Funnel Directory|https://funneldirectory.com/submit||Source lists this route; acceptance, pricing, and current requirements need checking.
https://trust-revenue.com/|2|?|?|Trust Revenue|https://trust-revenue.com/dashboard/startup||Source lists this route; acceptance, pricing, and current requirements need checking.
https://greenrocket.app/|12|?|?|GreenRocket|https://greenrocket.app/create||Source lists this route; acceptance, pricing, and current requirements need checking.
https://openalternative.co/|52|?|?|OpenAlternative|https://openalternative.co/submit||Source lists this route; acceptance, pricing, and current requirements need checking.
https://huzzler.so/|64|?|?|Huzzler|https://huzzler.so/products/create||Source lists this route; acceptance, pricing, and current requirements need checking.
https://weliketools.com/|52|?|?|We Like Tools|https://weliketools.com/submit||Source lists this route; acceptance, pricing, and current requirements need checking.
https://1000.tools/|39|?|?|1000.tools|https://1000.tools/my/tools/create||Source lists this route; acceptance, pricing, and current requirements need checking.
https://confettisaas.com/|45|?|?|ConfettiSaaS|https://confettisaas.com/submit||Source lists this route; acceptance, pricing, and current requirements need checking.
https://github.com/AdamXweb/awesome-aussie||?|?|Awesome Aussie|https://github.com/AdamXweb/awesome-aussie|Developer|Read contribution requirements; submit a relevant pull request, not a promotional issue.
https://agentmrr.com/|21|?|?|AgentMRR|https://agentmrr.com/dashboard/agents||Source lists this route; acceptance, pricing, and current requirements need checking.
https://startuplibrary.net/|33|?|?|StartupLibrary|https://startuplibrary.net/submit||Source lists this route; acceptance, pricing, and current requirements need checking.
https://productwatch.io/|72|?|?|Product Watch|https://productwatch.io/product/create||Source lists this route; acceptance, pricing, and current requirements need checking.
https://www.weekhack.com/|43|?|?|WeekHack|https://www.weekhack.com/launches/submit||Source lists this route; acceptance, pricing, and current requirements need checking.
https://aistage.net/|71|?|?|AIStage|https://aistage.net/submit||Source lists this route; acceptance, pricing, and current requirements need checking.
https://aicenter.ai/|33|?|?|AI Center|https://aicenter.ai/submit-tools||Source lists this route; acceptance, pricing, and current requirements need checking.
https://aitools.neilpatel.com/|91|?|?|AI Tools by Neil Patel|https://aitools.neilpatel.com/submit/||Source lists this route; acceptance, pricing, and current requirements need checking.
https://www.brouseai.com/|11|?|?|BroUseAI|https://www.brouseai.com/submission/ai||Source lists this route; acceptance, pricing, and current requirements need checking.
https://saasfame.com/|70|?|?|SaaSFame|https://saasfame.com/submit||Source lists this route; acceptance, pricing, and current requirements need checking.
https://wired.business/|78|?|?|Wired Business|https://wired.business/submit||Source lists this route; acceptance, pricing, and current requirements need checking.
https://www.rankmyai.com/|35|?|?|RankmyAI|https://www.rankmyai.com/tool-addition||Source lists this route; acceptance, pricing, and current requirements need checking.
https://toolfame.com/|75|?|?|ToolFame|https://toolfame.com/submit||Source lists this route; acceptance, pricing, and current requirements need checking.
https://showmebest.ai/|76|?|?|ShowMeBestAI|https://showmebest.ai/submit||Source lists this route; acceptance, pricing, and current requirements need checking.
https://neeed.directory/|73|?|?|Neeed Directory|https://neeed.directory/submit||Source lists this route; acceptance, pricing, and current requirements need checking.
https://github.com/mahseema/awesome-ai-tools||?|?|Awesome AI Tools|https://github.com/mahseema/awesome-ai-tools|Developer|Read contribution requirements; submit a relevant pull request, not a promotional issue.
https://aidirs.best/|62|?|?|Aidirs|https://aidirs.best/submit||Source lists this route; acceptance, pricing, and current requirements need checking.
https://whattheai.tech/|37|?|?|WhatTheAI|https://whattheai.tech/submit||Source lists this route; acceptance, pricing, and current requirements need checking.
https://waildworld.com/|10|?|?|Waildworld|||Source lists this route; acceptance, pricing, and current requirements need checking.
https://devpages.io/|24|?|?|DevPages|https://devpages.io/submit-a-tool||Source lists this route; acceptance, pricing, and current requirements need checking.
https://aitoolscapital.com/|37|?|?|AIToolsCapital|https://aitoolscapital.com/submit-tool||Source lists this route; acceptance, pricing, and current requirements need checking.
https://webspot.app/|30|?|?|Webspot|https://webspot.app/submit||Source lists this route; acceptance, pricing, and current requirements need checking.
https://buildvoyage.com/|43|?|?|BuildVoyage|https://buildvoyage.com/submit||Source lists this route; acceptance, pricing, and current requirements need checking.
https://www.aipulse.fyi/|20|?|?|AI Pulse|https://www.aipulse.fyi/submit||Source lists this route; acceptance, pricing, and current requirements need checking.
https://www.aitoolsaver.com/|33|?|?|AI Tools Saver|https://www.aitoolsaver.com/submit-ai-tool||Source lists this route; acceptance, pricing, and current requirements need checking.
https://aihustle.tools/|39|?|?|AI Hustle|https://aihustle.tools/submit/||Source lists this route; acceptance, pricing, and current requirements need checking.
https://bowora.com/|49|?|?|Bowora|https://bowora.com/register||Source lists this route; acceptance, pricing, and current requirements need checking.
https://shipordie.club/|13|?|?|SHIP OR DIE|https://shipordie.club/leaderboard||Source lists this route; acceptance, pricing, and current requirements need checking.
https://submitmatic.com/|30|?|?|SubmitMatic|https://submitmatic.com/submit||Source lists this route; acceptance, pricing, and current requirements need checking.
https://saasaitools.com/|53|?|?|SaaS AI Tools|https://saasaitools.com/submit/||Source lists this route; acceptance, pricing, and current requirements need checking.
https://www.findyoursaas.com/|44|?|?|Find Your SaaS|https://www.findyoursaas.com/onboard||Source lists this route; acceptance, pricing, and current requirements need checking.
https://www.aitoolssme.com/|56|?|?|AI Tools SME|https://www.aitoolssme.com/submit-your-tool||Source lists this route; acceptance, pricing, and current requirements need checking.
https://launchpadindia.co/|13|?|?|LaunchPad India|https://launchpadindia.co/submit||Source lists this route; acceptance, pricing, and current requirements need checking.
https://aitoptools.com/|54|?|?|AITopTools|https://aitoptools.com/account/submit-tool/||Source lists this route; acceptance, pricing, and current requirements need checking.
https://builders.to/|46|?|?|Builders.to|https://builders.to/projects/new||Source lists this route; acceptance, pricing, and current requirements need checking.
https://www.superlaun.ch/|62|?|?|Super Launch|https://www.superlaun.ch/dashboard/submit||Source lists this route; acceptance, pricing, and current requirements need checking.
https://www.topaitools4u.site/|5|?|?|TopAITools4U|https://www.topaitools4u.site/submit||Source lists this route; acceptance, pricing, and current requirements need checking.
https://shipboost.io/|50|?|?|ShipBoost|https://shipboost.io/submit||Source lists this route; acceptance, pricing, and current requirements need checking.
https://aibase.com/|71|?|?|AIBase|https://app.aibase.com/submission|AI|Source lists this route; acceptance, pricing, and current requirements need checking.
https://forg.to/|43|?|?|Forg|https://forg.to/product/new||Source lists this route; acceptance, pricing, and current requirements need checking.
https://tools.launchllama.co/|72|?|?|Launch Llama||AI|Source lists this route; acceptance, pricing, and current requirements need checking.
https://www.usefuturestack.com/|3|?|?|FutureStack|https://www.usefuturestack.com/submit||Source lists this route; acceptance, pricing, and current requirements need checking.
https://productfame.com/|38|?|?|ProductFame|https://productfame.com/products/submit||Source lists this route; acceptance, pricing, and current requirements need checking.
https://liftoapp.com/|32|?|?|Lifto|https://liftoapp.com/submit||Source lists this route; acceptance, pricing, and current requirements need checking.
https://findly.tools/|81|?|?|Findly.tools|https://findly.tools/submit||Source lists this route; acceptance, pricing, and current requirements need checking.
https://www.verifiedtools.info/|53|?|?|Verified Tools|https://www.verifiedtools.info/submit||Source lists this route; acceptance, pricing, and current requirements need checking.
https://www.betterlaunch.co/|60|?|?|Better Launch|https://www.betterlaunch.co/submit||Source lists this route; acceptance, pricing, and current requirements need checking.
https://buildhop.io/|50|?|?|BuildHop|https://buildhop.io/app/create||Source lists this route; acceptance, pricing, and current requirements need checking.
https://www.saaspa.ge/|41|?|?|SaaS Page|https://www.saaspa.ge/submit||Source lists this route; acceptance, pricing, and current requirements need checking.
https://prolaunch.net/|40|?|?|Pro Launch|https://prolaunch.net/projects/submit||Source lists this route; acceptance, pricing, and current requirements need checking.
https://productivity.directory/|41|?|?|Productivity Directory|https://productivity.directory/s/submit||Source lists this route; acceptance, pricing, and current requirements need checking.
https://www.reddit.com/r/IMadeThis/||?|?|r/IMadeThis|https://www.reddit.com/r/IMadeThis/submit/|Community|Check current subreddit rules and permitted promotion threads before posting. A submit URL is not permission to self-promote.
https://toolfio.com/|63|?|?|Toolfio|https://toolfio.com/submit||Source lists this route; acceptance, pricing, and current requirements need checking.
https://toolfolio.com/|35|?|?|Toolfolio|||Source lists this route; acceptance, pricing, and current requirements need checking.
https://ogfolio.com/|13|?|?|OGFolio|||Source lists this route; acceptance, pricing, and current requirements need checking.
https://www.reddit.com/r/GetStartups/||?|?|r/GetStartups|https://www.reddit.com/r/GetStartups/submit/|Community|Check current subreddit rules and permitted promotion threads before posting. A submit URL is not permission to self-promote.
https://www.startup.sx/|32|?|?|Startup.sx|https://www.startup.sx/submit||Source lists this route; acceptance, pricing, and current requirements need checking.
https://www.reddit.com/r/LaunchMyStartup/||?|?|r/LaunchMyStartup|https://www.reddit.com/r/LaunchMyStartup/submit/|Community|Check current subreddit rules and permitted promotion threads before posting. A submit URL is not permission to self-promote.
https://www.revispy.com/|28|?|?|Revispy Launchpad|https://www.revispy.com/launchpad/create||Source lists this route; acceptance, pricing, and current requirements need checking.
https://www.reddit.com/r/AISaaSHunter/||?|?|r/AISaaSHunter|https://www.reddit.com/r/AISaaSHunter/submit/|Community|Check current subreddit rules and permitted promotion threads before posting. A submit URL is not permission to self-promote.
https://justlaunched.fyi/|39|?|?|JustLaunched|https://justlaunched.fyi/submit||Source lists this route; acceptance, pricing, and current requirements need checking.
https://opensourceprojects.cc/|8|?|?|Open Source Projects|https://opensourceprojects.cc/submit||Source lists this route; acceptance, pricing, and current requirements need checking.
https://saascity.io/|64|?|?|SaaSCity|https://saascity.io/saascity?submit=1||Source lists this route; acceptance, pricing, and current requirements need checking.
https://startupaideas.com/|38|?|?|Startup AIdeas|https://startupaideas.com/submit||Source lists this route; acceptance, pricing, and current requirements need checking.
https://findthatsoftware.com/|0|?|?|FindThatSoftware|https://findthatsoftware.com/vendors||Source lists this route; acceptance, pricing, and current requirements need checking.
https://mydentify.com/|38|?|?|Mydentify|https://mydentify.com/submit||Source lists this route; acceptance, pricing, and current requirements need checking.
https://theagentsindex.com/|12|?|?|The Agents Index|https://theagentsindex.com/submit||Source lists this route; acceptance, pricing, and current requirements need checking.
https://aiwget.com/|30|?|?|AIWget|https://aiwget.com/submit||Source lists this route; acceptance, pricing, and current requirements need checking.

https://craked.dev/|1|?|?|craked.dev|https://www.craked.dev/products
https://sidebar.io/|70|?|?|Sidebar|https://sidebar.io/submit
https://launchory.app/|60|?|?|Launchory|https://www.launchory.app/submit
https://citedindex.com/|9|?|?|CitedIndex|https://citedindex.com/submit
https://aisotools.com/|20|?|?|AISO Tools|https://aisotools.com/submit
https://althunt.io/|20|?|?|Alt Hunt|https://althunt.io/new
https://saasboard.app/|0|?|?|SaaSBoard|
https://aitoolsexplorer.com/|35|?|?|AI Tools Explorer|https://aitoolsexplorer.com/submit-ai-tool/
https://brofindai.com/|10|?|?|Bro Find AI|https://brofindai.com/submit
https://startfa.st/|0|?|?|StartFast|https://startfa.st/submit
https://vantaige.io/|15|?|?|Vantaige|https://vantaige.io/list-your-ai-tool
https://nicklaunches.com/|75|?|?|Nick Launches|https://nicklaunches.com/submit
https://phototoolfinder.com/|0|?|?|PhotoToolFinder|https://phototoolfinder.com/submit
https://www.reddit.com/r/ShowMeYourSaaS/||?|?|r/ShowMeYourSaaS|https://www.reddit.com/r/ShowMeYourSaaS/submit/|Community|Check current moderator rules and permitted self-promotion before posting.
