id,name,website,submission_url,domain,reported_dr,reported_link,category,pricing,metric_provider,source_url,source_retrieved_at,source_snapshot_date,measured_at,route_status,eligibility,flags,quarantined
d_5b06b57e06c36541,Adsby,https://adsby.co/,,adsby.co,,unknown,Directory,unknown,Not supplied by source,https://github.com/mezmer90/saas-directories/blob/main/saas-directories.csv,2026-09-18,,,needs-research,,Possible non-destination captured by source; excluded,True
d_21f04607f164b68f,Astronuts,https://astronuts.io/,,astronuts.io,,unknown,Directory,unknown,Not supplied by source,https://github.com/mezmer90/saas-directories/blob/main/saas-directories.csv,2026-09-18,,,needs-research,,Possible non-destination captured by source; excluded,True
d_3bf45ca8ce510d03,"Awesome [source badge, not a submission]",https://awesome.re/,,awesome.re,,unknown,Directory,unknown,Not supplied by source,https://github.com/mezmer90/saas-directories/blob/main/saas-directories.csv,2026-09-18,,,needs-research,,Suspect source data; Possible non-destination captured by source; excluded,True
d_b872e118a2ccc993,BacklinkGPT,https://backlinkgpt.com/,,backlinkgpt.com,,unknown,Directory,unknown,Not supplied by source,https://github.com/mezmer90/saas-directories/blob/main/saas-directories.csv,2026-09-18,,,needs-research,,Possible non-destination captured by source; excluded,True
d_568f02b1a98fc0e8,Big Startups [source URL suspect],https://biqstartups.co/overview/sub,,biqstartups.co,18,follow,Directory,unknown,Unverified; source describes Ahrefs-style DR,https://github.com/mezmer90/saas-directories/blob/main/saas-directories.csv,2026-09-18,,,needs-research,,Suspect source data; Source path requires review,True
d_1e55f9716b03d5af,Boilermates,https://boilermat.es/,,boilermat.es,,unknown,Directory,unknown,Not supplied by source,https://github.com/mezmer90/saas-directories/blob/main/saas-directories.csv,2026-09-18,,,needs-research,,Possible non-destination captured by source; excluded,True
d_7394093d891c3b6b,ByeDispute,https://byedispute.com/,,byedispute.com,,unknown,Directory,unknown,Not supplied by source,https://github.com/mezmer90/saas-directories/blob/main/saas-directories.csv,2026-09-18,,,needs-research,,Possible non-destination captured by source; excluded,True
d_56e1355d18f4f874,CharmUI,https://charmui.com/,,charmui.com,,unknown,Directory,unknown,Not supplied by source,https://github.com/mezmer90/saas-directories/blob/main/saas-directories.csv,2026-09-18,,,needs-research,,Possible non-destination captured by source; excluded,True
d_471f4f254554d5f9,ChromeKit,https://chromekit.dev/,,chromekit.dev,,unknown,Directory,unknown,Not supplied by source,https://github.com/mezmer90/saas-directories/blob/main/saas-directories.csv,2026-09-18,,,needs-research,,Possible non-destination captured by source; excluded,True
d_f36116ce461ddd6b,Clobbr,https://clobbr.app/,,clobbr.app,,unknown,Directory,unknown,Not supplied by source,https://github.com/mezmer90/saas-directories/blob/main/saas-directories.csv,2026-09-18,,,needs-research,,Possible non-destination captured by source; excluded,True
d_eda4c3f740afc30d,Cocomail,https://cocomail.io/,,cocomail.io,,unknown,Directory,unknown,Not supplied by source,https://github.com/mezmer90/saas-directories/blob/main/saas-directories.csv,2026-09-18,,,needs-research,,Possible non-destination captured by source; excluded,True
d_96f9b33ca9c3b51c,CodeSnap,https://codesnap.dev/,,codesnap.dev,,unknown,Directory,unknown,Not supplied by source,https://github.com/mezmer90/saas-directories/blob/main/saas-directories.csv,2026-09-18,,,needs-research,,Possible non-destination captured by source; excluded,True
d_de928c4853524e5e,Competitor Research,https://competitoresearch.com/,,competitoresearch.com,,unknown,Directory,unknown,Not supplied by source,https://github.com/mezmer90/saas-directories/blob/main/saas-directories.csv,2026-09-18,,,needs-research,,Possible non-destination captured by source; excluded,True
d_f5793bc82d5a839b,Coolors,https://coolors.co/,,coolors.co,,unknown,Directory,unknown,Not supplied by source,https://github.com/mezmer90/saas-directories/blob/main/saas-directories.csv,2026-09-18,,,needs-research,,Possible non-destination captured by source; excluded,True
d_95a21a2e49278a2c,Creatica,https://creatica.app/,,creatica.app,,unknown,Directory,unknown,Not supplied by source,https://github.com/mezmer90/saas-directories/blob/main/saas-directories.csv,2026-09-18,,,needs-research,,Possible non-destination captured by source; excluded,True
d_7cc80c6e3c30616f,Daito Authenticator,https://daito.io/,,daito.io,,unknown,Directory,unknown,Not supplied by source,https://github.com/mezmer90/saas-directories/blob/main/saas-directories.csv,2026-09-18,,,needs-research,,Possible non-destination captured by source; excluded,True
d_4cb72656b7b63318,Dashcam,https://dashcam.io/,,dashcam.io,,unknown,Directory,unknown,Not supplied by source,https://github.com/mezmer90/saas-directories/blob/main/saas-directories.csv,2026-09-18,,,needs-research,,Possible non-destination captured by source; excluded,True
d_80da8524b9f1bf1e,Design Buddy,https://designbuddy.net/,,designbuddy.net,,unknown,Design,unknown,Not supplied by source,https://github.com/mezmer90/saas-directories/blob/main/saas-directories.csv,2026-09-18,,,needs-research,,Possible non-destination captured by source; excluded,True
d_10b2a29c135bdf55,Detachless,https://detachless.com/,,detachless.com,,unknown,Directory,unknown,Not supplied by source,https://github.com/mezmer90/saas-directories/blob/main/saas-directories.csv,2026-09-18,,,needs-research,,Possible non-destination captured by source; excluded,True
d_d34b317140eaf2a8,FAQ Popup,https://faqpopup.com/,,faqpopup.com,,unknown,Directory,unknown,Not supplied by source,https://github.com/mezmer90/saas-directories/blob/main/saas-directories.csv,2026-09-18,,,needs-research,,Possible non-destination captured by source; excluded,True
d_685defdd6594ff92,Fast Flutter Template,https://fastfluttertemplate.com/,,fastfluttertemplate.com,,unknown,Directory,unknown,Not supplied by source,https://github.com/mezmer90/saas-directories/blob/main/saas-directories.csv,2026-09-18,,,needs-research,,Possible non-destination captured by source; excluded,True
d_13aa4976cf06e5c3,Fintech News [source URL suspect],https://fintechnews.sq/submit-your-fintec,,fintechnews.sq,45,nofollow,Directory,unknown,Unverified; source describes Ahrefs-style DR,https://github.com/mezmer90/saas-directories/blob/main/saas-directories.csv,2026-09-18,,,needs-research,,Suspect source data; Source path requires review,True
d_8d9cb5bab319674b,Flows,https://flows.sh/,,flows.sh,,unknown,Directory,unknown,Not supplied by source,https://github.com/mezmer90/saas-directories/blob/main/saas-directories.csv,2026-09-18,,,needs-research,,Possible non-destination captured by source; excluded,True
d_67b0747067cdad0f,Gartner Peer Insights,https://www.gartner.com/en/digital-marke,https://www.gartner.com/peer-insights/vendor-portal/overview,gartner.com,92,nofollow,Review,free,Ahrefs (source-reported),https://github.com/alvinunreal/awesome-submitlist/blob/main/data/destinations.json,2026-09-18,2026-09-14,,source-reported,Eligible enterprise software or services; vendor review-platform requirements apply.,Suspect source data; Submission path may be truncated; Source path requires review; DR sources disagree,True
d_35903edc692a7417,GDPRValidator,https://gdprvalidator.eu/,,gdprvalidator.eu,,unknown,Directory,unknown,Not supplied by source,https://github.com/mezmer90/saas-directories/blob/main/saas-directories.csv,2026-09-18,,,needs-research,,Possible non-destination captured by source; excluded,True
d_83c92258fe7a2e73,GenPage,https://genpage.ai/,,genpage.ai,,unknown,AI,unknown,Not supplied by source,https://github.com/mezmer90/saas-directories/blob/main/saas-directories.csv,2026-09-18,,,needs-research,,Possible non-destination captured by source; excluded,True
d_1cb6729ef65c635c,Growth Junkie [source URL suspect],https://growthiunkie.com/,,growthiunkie.com,30,follow,Directory,unknown,Unverified; source describes Ahrefs-style DR,https://github.com/mezmer90/saas-directories/blob/main/saas-directories.csv,2026-09-18,,,needs-research,,Suspect source data,True
d_e1dc596251541557,Junia,https://junia.ai/,,junia.ai,,unknown,AI,unknown,Not supplied by source,https://github.com/mezmer90/saas-directories/blob/main/saas-directories.csv,2026-09-18,,,needs-research,,Possible non-destination captured by source; excluded,True
d_89b2e6ca623422f0,MakeLanding,https://makelanding.ai/,,makelanding.ai,,unknown,AI,unknown,Not supplied by source,https://github.com/mezmer90/saas-directories/blob/main/saas-directories.csv,2026-09-18,,,needs-research,,Possible non-destination captured by source; excluded,True
d_7398a06ad48e5fb1,Plausible,https://plausible.io/,,plausible.io,,unknown,Directory,unknown,Not supplied by source,https://github.com/mezmer90/saas-directories/blob/main/saas-directories.csv,2026-09-18,,,needs-research,,Possible non-destination captured by source; excluded,True
d_c4bc685e9d98dc43,Poper,https://poper.ai/,,poper.ai,,unknown,AI,unknown,Not supplied by source,https://github.com/mezmer90/saas-directories/blob/main/saas-directories.csv,2026-09-18,,,needs-research,,Possible non-destination captured by source; excluded,True
d_b84d4d667eafbb84,Promote Project [source URL suspect],https://www.promoteproiect.com/,,promoteproiect.com,18,follow,Directory,unknown,Unverified; source describes Ahrefs-style DR,https://github.com/mezmer90/saas-directories/blob/main/saas-directories.csv,2026-09-18,,,needs-research,,Suspect source data,True
d_0a55f71ab106621c,Simple.ink,https://simple.ink/,,simple.ink,,unknown,Directory,unknown,Not supplied by source,https://github.com/mezmer90/saas-directories/blob/main/saas-directories.csv,2026-09-18,,,needs-research,,Possible non-destination captured by source; excluded,True
d_14ec1b3219c48de7,SiteJabber [source URL suspect],https://www.siteiabber.com/,,siteiabber.com,72,nofollow,Directory,unknown,Unverified; source describes Ahrefs-style DR,https://github.com/mezmer90/saas-directories/blob/main/saas-directories.csv,2026-09-18,,,needs-research,,Suspect source data,True
d_842f0732013bad6d,Startup John [source URL suspect],https://www.startupiohn.com/submit-startu,,startupiohn.com,18,follow,Directory,unknown,Unverified; source describes Ahrefs-style DR,https://github.com/mezmer90/saas-directories/blob/main/saas-directories.csv,2026-09-18,,,needs-research,,Suspect source data; Submission path may be truncated; Source path requires review,True
d_765050c25edf3930,StartupValley News [malformed source row],https://www.startupvalley.news/apply-now,,startupvalley.news,,unknown,Press,unknown,Not supplied by source,https://github.com/mezmer90/saas-directories/blob/main/saas-directories.csv,2026-09-18,,,needs-research,"Editorial/media prospect, not a guaranteed submission form. Find a relevant angle and the current pitch policy.",Suspect source data; Source path requires review,True
d_8d87ffbd4573a29c,Submissions Web Directory [source URL suspect],https://www.submissionwebdirectory.cor/,,submissionwebdirectory.cor,28,follow,Directory,unknown,Unverified; source describes Ahrefs-style DR,https://github.com/mezmer90/saas-directories/blob/main/saas-directories.csv,2026-09-18,,,needs-research,,Suspect source data,True
d_4ecd03e9dbd184dc,Yelp [source URL suspect],https://business.velp.com/,,business.velp.com,93,nofollow,Directory,unknown,Unverified; source describes Ahrefs-style DR,https://github.com/mezmer90/saas-directories/blob/main/saas-directories.csv,2026-09-18,,,needs-research,,Suspect source data,True
